belgeBeyanID,belgeBeyanAdi,belgeTur,istenenmi
341,LİSE DİPLOMASI (ORTAÖĞRETİM),DİPLOMA,True
346,İLKOKUL DİPLOMASI,DİPLOMA,True
348,İLKÖĞRETİM DİPLOMASI,DİPLOMA,True
351,LİSANS DİPLOMASI,DİPLOMA,True
354,ÖN LİSANS DİPLOMASI,DİPLOMA,True
358,YÜKSEK LİSANS DİPLOMASI,DİPLOMA,True
337,İNCELEME TUTANAĞI,TUTANAK,True
16875,OLAY YERİ TUTANAĞI,TUTANAK,True
1685,TÜRKİYE ATOM ENERJİSİ KURUMU LİSANS BELGESİ,LİSANS,True
13367,AKARYAKIT DAĞITICI LİSANSI,LİSANS,True
1036,TAŞIT KARTI İŞLEM BAŞVURU FORMU,BAŞVURU/TALEP FORMU,True
1210,GEMİ VEYA SU ARACI İNŞA BAŞVURU BELGESİ,BAŞVURU/TALEP FORMU,True
2053,KARA ULAŞTIRMASI GENEL MÜDÜRLÜĞÜ YETKİ BELGESİ BAŞVURU FORMU,BAŞVURU/TALEP FORMU,True
16365,KIYI TESİSİ TEHLİKELİ MADDE UYGUNLUK BELGESİ BAŞVURU FORMU,BAŞVURU/TALEP FORMU,True
16367,DOLU KONTEYNERLERİN BRÜT AĞIRLIKLARININ TESPİTİ İÇİN   YETKİ BELGESİ BAŞVURU FORMU,BAŞVURU/TALEP FORMU,True
16451,EMNİYET SERTİFİKASI BAŞVURU FORMU,BAŞVURU/TALEP FORMU,True
16475,DEMİRYOLU TREN İŞLETMECİLERİ YETKİ BELGESİ BAŞVURU FORMU,BAŞVURU/TALEP FORMU,True
16524,CİMER BAŞVURU FORMU,BAŞVURU/TALEP FORMU,True
16629,DİĞER DEMİRYOLU İŞLETMECİLERİ YETKİ BELGESİ BAŞVURU FORMU,BAŞVURU/TALEP FORMU,True
16643,EMNİYET YETKİLENDİRMESİ BAŞVURU FORMU,BAŞVURU/TALEP FORMU,True
16757,GEMİ VEYA SU ARACI TADİLAT BAŞVURU BELGESİ,BAŞVURU/TALEP FORMU,True
16916,SÜREKLİ ÖZET KAYIT BELGESİ (CSR) BAŞVURU FORMU,BAŞVURU/TALEP FORMU,True
16998,DENİZ TİCARETİ GÖZETİM HİZMETLERİ BAŞVURU DİLEKÇE FORMU,BAŞVURU/TALEP FORMU,True
20203,TEHLİKELİ MADDE GÜVENLİK DANIŞMANLIĞI KURULUŞLARININ YETKİ BELGESİ BAŞVURU FORMU,BAŞVURU/TALEP FORMU,True
21897,DEMİRYOLU EĞİTİM VE SINAV MERKEZİ BAŞVURU FORMU,BAŞVURU/TALEP FORMU,True
21898,TREN MAKİNİSTİ EHLİYET BAŞVURU FORMU,BAŞVURU/TALEP FORMU,True
23611,SABIKA KAYDI TALEP DİLEKÇESİ,BAŞVURU/TALEP FORMU,True
25302,DÜZENLİ SEFERLER BİLGİ SİSTEMİ İZİN TALEP VE TAAHHÜTNAMESİ,BAŞVURU/TALEP FORMU,True
386,BELEDİYELERİN İŞLETME KURMASINA İLİŞKİN ONAY,OLUR/ONAY,True
2165,LİMAN TESİSİ GÜVENLİK DEĞERLENDİRMESİ ONAY YAZISI,OLUR/ONAY,True
2171,LİMAN TESİSİ GÜVENLİK PLANI ONAY YAZISI,OLUR/ONAY,True
2173,LİMAN TESİSİ GÜVENLİK SORUMLUSU ATAMA ONAYI YAZISI,OLUR/ONAY,True
327,İNCELEME RAPORU,RAPOR,True
466,ÇEVRESEL ETKİ DEĞERLENDİRMESİ (ÇED) RAPORU,RAPOR,True
675,RADYASYON KONTROL RAPORU,RAPOR,True
994,KAZA RAPORU,RAPOR,True
1613,PSİKO-TEKNİK DEĞERLENDİRME RAPORU,RAPOR,True
1756,SAĞLIK RAPORU (KURUL),RAPOR,True
1757,SAĞLIK RAPORU (TEK DOKTORLU),RAPOR,True
2384,STATİK RAPOR,RAPOR,True
4352,İMAR PLANI PLAN AÇIKLAMA RAPORU,RAPOR,True
5228,MESLEK ODASINDAN ALINACAK MESLEKTEN MEN CEZASI OLMADIĞINA DAİR RAPOR,RAPOR,True
7295,HİDROGRAFİK OŞİNOGRAFİK RAPOR,RAPOR,True
11998,YANGIN EMNİYET (İTFAİYE) RAPORU,RAPOR,True
12059,TİCARET AMAÇLI BİNALAR İÇİN YANGIN EMNİYET (İTFAİYE) RAPORU,RAPOR,True
12340,DÖNEM DENETİM RAPORU,RAPOR,True
13432,SAĞLIK KURULU RAPORU,RAPOR,True
14860,KREDİ NOTU RAPORU,RAPOR,True
15270,FİNANSAL RAPOR REVİZYON RAPORU,RAPOR,True
16563,UYUŞTURUCU VE UYARICI (NEGATİF) RAPORU,RAPOR,True
16565,KONDİSYON SÖRVEY RAPORU,RAPOR,True
16856,GEMİ SÖRVEY RAPORU,RAPOR,True
17865,TEHLİKELİ MADDENİN TAŞINMASI İÇİN GÜVENLİK TEDBİRLERİNİ İÇERİR RAPOR,RAPOR,True
23733,GEMİADAMI SAĞLIK RAPORU,RAPOR,True
26502,BAĞIMSIZ RİSK DEĞERLENDİRME KURULUŞU RAPORU,RAPOR,True
850,TAPU SENEDİ,SENET,True
3647,TARAFLARIN İMZA VE BEYANLARINI İÇEREN DEVİR SENEDİ,SENET,True
999,CMR KARAYOLU TAŞIMA BELGESİ,İZİN,True
1455,TRANSİT LOG SEYİR İZİN BELGESİ,İZİN,True
1515,ÖZEL GÜVENLİK EĞİTİM KURUMU FAALİYET İZİN BELGESİ,İZİN,True
1535,ÖZEL GÜVENLİK ŞİRKETİ FAALİYET İZİN BELGESİ,İZİN,True
2319,SU ÜRÜNLERİ RUHSAT TEZKERESİ,İZİN,True
2840,YAPI KULLANMA İZİN BELGESİ (İSKAN RUHSATI),İZİN,True
3499,GEMİ VE SU ARACI İNŞA İZİN BELGESİ,İZİN,True
3667,GEMİ VEYA SU ARACI İNŞA İZNİ BELGESİ,İZİN,True
3971,MUVAFAKAT BELGESİ,İZİN,True
7951,ANTREPO AÇMA VE İŞLETME İZİN BELGESİ,İZİN,True
8263,TİCARET ODASI FAALİYET BELGESİ,İZİN,True
17300,KIYI TESİSİ İŞLETME İZİN BELGESİ,İZİN,True
17550,GEMİ İNŞA İZİN BELGESİ,İZİN,True
25320,DENİZ ARAÇLARINA ÖTV'SİZ YAKIT DAĞITIMI YAPAN FİRMALAR İÇİN DAĞITIM İZİN BELGESİ,İZİN,True
26452,YABANCILAR İÇİN OTURMA İZİN BELGESİ,İZİN,True
725,TAAHHÜTNAME (TÜR OLARAK EKLENDİĞİ İÇİN TAAHHÜTNAMENİN İÇERİĞİ YAZILACAK),TAAHHÜTNAME,True
2124,SİGORTA ŞİRKETİ TAAHHÜTNAMESİ,TAAHHÜTNAME,True
17143,UDHB AR-GE PROJESİ BAŞVURU TAAHHÜTNAMESİ,TAAHHÜTNAME,True
17609,GEÇİŞ HAKKI KULLANIM ONAYI BAŞVURUSUNA İLİŞKİN TAAHHÜTNAME,TAAHHÜTNAME,True
19179,"GİZLİLİK, BAĞIMSIZLIK VE TARAFSIZLIK TAAHHÜTNAMESİ",TAAHHÜTNAME,True
19561,ÖTV'SİZ YAKIT TALEBİ EK TAAHHÜTNAME,TAAHHÜTNAME,True
19572,ÖTV'SİZ YAKIT ALIM TAAHHÜTNAME FORMU (EK 3B/3D),TAAHHÜTNAME,True
2585,YAKLAŞIK MALİYET HESAP CETVELİ,CETVEL,True
3978,SİGORTA HİZMET CETVELİ,CETVEL,True
601,1/5000 ÖLÇEKLİ NAZIM İMAR PLANI,PLAN,True
1189,İŞ AKIM ŞEMASI-TERMİN PLANI,PLAN,True
1225,FRİBORD PLANI,PLAN,True
1504,1/1000 ÖLÇEKLİ UYGULAMA İMAR PLANI,PLAN,True
2026,YERLEŞİM PLANI,PLAN,True
2166,VAZİYET PLANI,PLAN,True
2168,LİMAN TESİSİ GÜVENLİK PLANI,PLAN,True
2393,SU ALTI DALIŞ PLANI,PLAN,True
2645,YANGIN VAZİYET PLANI,PLAN,True
3213,İMAR PLANI,PLAN,True
4116,RİSK DEĞERLENDİRME VE ACİL MÜDAHALE PLANI,PLAN,True
4155,ACİL DURUM/MÜDAHALE PLANI,PLAN,True
8628,TESİS YERLEŞİM PLANI,PLAN,True
12974,1/25000 ÖLÇEKLİ İMAR PLANI,PLAN,True
16555,TESİS ORGANİZASYONU VE YERLEŞİM PLANI,PLAN,True
16571,YÜZER HAVUZ BAĞLAMA PLANI,PLAN,True
16628,DEMİRYOLU TREN İŞLETMECİLERİNİN FAALİYET YERİ/YERLERİNİN VE TESİSLERİNİN PLANI,PLAN,True
16702,DEMİRYOLU ALTYAPI İŞLETMECİLERİNİN FAALİYET YERİ/YERLERİNİN VE TESİSLERİNİN PLANI,PLAN,True
17059,ÇEKİ PLANI,PLAN,True
17573,DEMİRYOLU ALT YAPI KAPASİTE GELİŞTİRME PLANI,PLAN,True
1894,SEFER PROGRAMI,PROGRAM,True
21883,DEMİR YOLU SINAV PROGRAMI,PROGRAM,True
21884,DEMİRYOLU EĞİTİM PROGRAMI,PROGRAM,True
758,DALIŞ KAYIT DEFTERİ,DEFTER,True
1333,ÖTV'SİZ YAKIT ALIM DEFTERİ,DEFTER,True
527,BANKA TEMİNAT MEKTUBU,MEKTUP,True
747,KLAS MEKTUBU,MEKTUP,True
1181,TEMİNAT MEKTUBU,MEKTUP,True
781,EMNİYET YÖNETİM SİSTEMİ EL KİTABI,KILAVUZ/KATALOG/KİTAPÇIK/DERGİ,True
1930,KULLANIM KILAVUZU,KILAVUZ/KATALOG/KİTAPÇIK/DERGİ,True
17440,KLAS KAYDI ALTINDAKİ GEMİLERE YÖNELİK YILLIK SİCİL KİTABI,KILAVUZ/KATALOG/KİTAPÇIK/DERGİ,True
148,ACENTELİK SÖZLEŞMESİ,SÖZLEŞME/ANLAŞMA/PROTOKOL,True
800,KİRA KONTRATI,SÖZLEŞME/ANLAŞMA/PROTOKOL,True
996,KONŞİMENTO,SÖZLEŞME/ANLAŞMA/PROTOKOL,True
1001,KONTROL MÜHENDİSİYLE YAPILAN SÖZLEŞME,SÖZLEŞME/ANLAŞMA/PROTOKOL,True
1038,TAŞIT KİRALAMA SÖZLEŞMESİ,SÖZLEŞME/ANLAŞMA/PROTOKOL,True
1926,KULLANIM İZNİ SÖZLEŞMESİ,SÖZLEŞME/ANLAŞMA/PROTOKOL,True
3368,İRTİFAK HAKKI SÖZLEŞMESİ,SÖZLEŞME/ANLAŞMA/PROTOKOL,True
4571,HİZMET ALIM SÖZLEŞMESİ,SÖZLEŞME/ANLAŞMA/PROTOKOL,True
4857,STANDART TAŞIMA SÖZLEŞMESİ,SÖZLEŞME/ANLAŞMA/PROTOKOL,True
8856,KİRA SÖZLEŞMESİ,SÖZLEŞME/ANLAŞMA/PROTOKOL,True
10893,İŞ AKDİ HİZMET SÖZLEŞMESİ,SÖZLEŞME/ANLAŞMA/PROTOKOL,True
11966,GEMİ KİRALAMA SÖZLEŞMESİ,SÖZLEŞME/ANLAŞMA/PROTOKOL,True
15791,İŞLETME DEVİR SÖZLEŞMESİ,SÖZLEŞME/ANLAŞMA/PROTOKOL,True
16025,KAMU KURUM KURULUŞU TAŞIMA HİZMET ALIMI SÖZLEŞMESİ,SÖZLEŞME/ANLAŞMA/PROTOKOL,True
16493,YURTDIŞINDAN SATIN ALINAN VEYA KİRALANAN DEMİRYOLU ARAÇLARI SÖZLEŞMESİ,SÖZLEŞME/ANLAŞMA/PROTOKOL,True
16504,DEMİRYOLU ARACI PARK YERİ KULLANIM SÖZLEŞMESİ/ MÜLKİYET BELGESİ,SÖZLEŞME/ANLAŞMA/PROTOKOL,True
19545,GEMİ İPOTEĞİ SÖZLEŞMESİ,SÖZLEŞME/ANLAŞMA/PROTOKOL,True
20482,MİLLİ EMLAK İLE LİMAN TESİSİ İŞLETENİ ARASINDA İMZALANAN ÖN İZİN SÖZLEŞMESİ,SÖZLEŞME/ANLAŞMA/PROTOKOL,True
22842,GEMİ İNŞA SÖZLEŞMESİ,SÖZLEŞME/ANLAŞMA/PROTOKOL,True
174,ALET VE EKİPMAN LİSTESİ,LİSTE,True
1000,DÜZENLİ YOLCU TAŞIMA HATTI GÜZERGAH LİSTESİ,LİSTE,True
1021,TAŞINMAZ MAL LİSTESİ,LİSTE,True
1939,SERVİS EKİPMAN LİSTESİ,LİSTE,True
2126,SGK SİGORTALI HİZMET LİSTESİ,LİSTE,True
5904,GEMİ PERSONEL LİSTESİ,LİSTE,True
16775,DEMİRYOLU ARAÇ TİPLERİNİN LİSTESİ,LİSTE,True
17062,ORGANİZASYON ŞEMASINDA TANIMLANAN GÖREVLERDEN SORUMLU PERSONEL LİSTESİ,LİSTE,True
21882,DEMİRYOLU EĞİTİM VE SINAV MERKEZİ  ARAÇ GEREÇ LİSTESİ,LİSTE,True
22012,BAKIMDAN SORUMLU KURULUŞ ATÖLYE EKİPMAN LİSTESİ,LİSTE,True
22045,BAKIMDAN SORUMLU BİRİM ATÖLYE EKİPMAN LİSTESİ,LİSTE,True
304,AVLANMA RUHSATI,RUHSAT,True
1194,GEMİ İSTASYONU RUHSATNAMESİ (TİM-06),RUHSAT,True
10131,BALIKÇI GEMİLERİ İÇİN SU ÜRÜNLERİ RUHSAT TEZKERESİ,RUHSAT,True
11951,ARAÇ RUHSATI,RUHSAT,True
12161,"İŞYERİ AÇMA VE ÇALIŞMA RUHSATI (AKARYAKIT, LPG, CNG)",RUHSAT,True
19187,BAĞLAMA KÜTÜĞÜ RUHSATNAMESİ,RUHSAT,True
25333,İŞYERİ AÇMA VE ÇALIŞTIRMA RUHSATI,RUHSAT,True
142,AKREDİTASYON SERTİFİKASI,SERTİFİKA,True
458,TARIMSAL DANIŞMANLIK EĞİTİMİ EĞİTİCİ BELGESİ,SERTİFİKA,True
761,KLAS SERTİFİKASI,SERTİFİKA,True
914,OHSAS 18001 İŞ SAĞLIĞI VE GÜVENLİĞİ BELGESİ,SERTİFİKA,True
1947,SERVİS SAĞLAYICI SERTİFİKASI,SERTİFİKA,True
2226,YÜK GEMİSİ TELSİZ EMNİYET BELGESİ,SERTİFİKA,True
2229,YÜK GEMİSİ İNŞA EMNİYET BELGESİ,SERTİFİKA,True
2280,ULUSLARARASI PETROL KİRLİLİĞİNİ ÖNLEME SERTİFİKASI,SERTİFİKA,True
2435,GEMİ BAYRAK ŞAHADETNAMESİ,SERTİFİKA,True
2964,GEMİ MAKİNELERİ KURSU BELGESİ,SERTİFİKA,True
2976,GEMİADAMI DONATIMINDA ASGARİ EMNİYET BELGESİ,SERTİFİKA,True
4851,ÖLÇÜM CİHAZLARI KALİBRASYON SERTİFİKASI,SERTİFİKA,True
7732,YETKİLENDİRİLMİŞ YÜKÜMLÜ SERTİFİKASI,SERTİFİKA,True
16539,TEHLİKELİ MADDE GÜVENLİK DANIŞMANI SERTİFİKASI,SERTİFİKA,True
16639,PETROL KİRLİLİĞİNDEN DOĞAN ZARARIN HUKUKİ SORUMLULUĞU İLE İLGİLİ SİGORTA VEYA DİĞER MALİ TEMİNAT SERTİFİKASI,SERTİFİKA,True
17004,ROMORKÖRLERİN SÜREKLİ ÇEKİ GÜCÜ (BOLLARD PULL) SERTİFİKASI,SERTİFİKA,True
17304,PETROL VE DİĞER ZARARLI MADDELERİN SEBEP OLDUĞU DENİZ KİRLİLİĞİNE MÜDAHALE SEMİNER EĞİTMENİ SERTİFİKASI,SERTİFİKA,True
22011,BAKIMDAN SORUMLU KURULUŞ (ECM) YÖNETİM SİSTEM SERTİFİKA,SERTİFİKA,True
22047,BAKIMDAN SORUMLU BİRİM YÖNETİM SİSTEM  SERTİFİKASI,SERTİFİKA,True
23740,SİVİL HAVACILIK GENEL MÜDÜRLÜĞÜ YÖNETİCİ PERSONEL ONAY SERTİFİKASI,SERTİFİKA,True
25154,BALIKADAM KURS BELGESİ,SERTİFİKA,True
26444,GEMİ SERTİFİKASI,SERTİFİKA,True
6441,RADYASYON ÖLÇÜMÜ VE RADYASYONDAN KORUNMA EĞİTİMİ KATILIMCI BELGESİ,KATILIMCI BELGESİ,True
10558,MESLEKİ EĞİTİM KATILIM BELGESİ,KATILIMCI BELGESİ,True
11691,YANGIN ÖNLEME VE SÖNDÜRME TEKNİKLERİ TEMEL EĞİTİMİ KATILIM BELGESİ,KATILIMCI BELGESİ,True
20143,SRC5 EĞİTİCİLERİN EĞİTİMİ PROGRAMINA KATILIM BELGESİ,KATILIMCI BELGESİ,True
21876,EĞİTİM BAŞARI BELGESİ,KATILIMCI BELGESİ,True
25303,GEMİADAMI KURSU BİTİRME BELGESİ,KATILIMCI BELGESİ,True
25304,TREN MAKİNİST TEMEL EĞİTİM BELGESİ,KATILIMCI BELGESİ,True
25305,DENİZ GÜVENLİK EĞİTİMLERİ (STCW) KURS BELGESİ,KATILIMCI BELGESİ,True
4115,PASAPORT (ÇEŞİTLERİNDEN HERHANGİ BİRİ),PASAPORT,True
532,GÜMRÜK BEYANNAMESİ,BEYANNAME/BEYAN FORMU,True
549,GÜMRÜK GİRİŞ BEYANNAMESİ,BEYANNAME/BEYAN FORMU,True
1996,SGK KAPSAMINDA ÇALIŞIP ÇALIŞILMADIĞINA DAİR BEYANNAME,BEYANNAME/BEYAN FORMU,True
3170,İMZA BEYANNAMESİ,BEYANNAME/BEYAN FORMU,True
9765,GÜMRÜK TRANSİT BEYANNAMESİ,BEYANNAME/BEYAN FORMU,True
12176,MAKİNE VE TEÇHİZAT EKİPMAN LİSTESİ BEYANNAMESİ,BEYANNAME/BEYAN FORMU,True
16490,DEMİRYOLU ARACI BAKIMINDAN SORUMLU KURULUŞ/BİRİM BEYANNAMESİ,BEYANNAME/BEYAN FORMU,True
16491,DEMİRYOLU ARAÇ BAKIMDAN SORUMLU KURULUŞ/BİRİM BEYANNAMESİ,BEYANNAME/BEYAN FORMU,True
16515,DEMİRYOLU ARAÇLARI TESCİLİ DOĞRULAMA BEYANI,BEYANNAME/BEYAN FORMU,True
16567,TİP ONAY DOĞRULAMA BEYANI,BEYANNAME/BEYAN FORMU,True
21541,IMSBC KOD'DA BULUNMAYAN YÜKÜN ÖZELLİKLERİ VE TAŞIMA ŞARTLARI BEYAN FORMU,BEYANNAME/BEYAN FORMU,True
2098,VERGİ DAİRESİ TAHSİL ALINDI BELGESİ,ALINDI BELGESİ,True
3559,DEKONT,ALINDI BELGESİ,True
11880,BANKA DEKONTU,ALINDI BELGESİ,True
14849,HARÇ ÖDENDİ BELGESİ,ALINDI BELGESİ,True
15861,LİSTE,ALINDI BELGESİ,True
768,TAKDİR KOMİSYONU KARARI,KARAR,True
1439,TRAFİK KOMİSYON KARARI,KARAR,True
1864,ULAŞIM KOORDİNASYON MERKEZİ (UKOME) KARARI,KARAR,True
2473,MAHKEME KARARI,KARAR,True
2545,İCRA KARARI,KARAR,True
3093,BAKANLAR KURULU KARARI,KARAR,True
26455,HACİZ VE İPOTEK KALDIRILMASI KARARI,KARAR,True
200,ARAÇ TESCİLİNE İLİŞKİN GEÇİCİ BELGE,DURUM BELGESİ,True
267,BİRİNCİ ZABİTİ YETERLİĞİNE YÜKSELME EĞİTİMİ (A-II/2) BELGESİ,DURUM BELGESİ,True
805,DENİZ STAJI TAMAMLAMA BELGESİ,DURUM BELGESİ,True
900,MESLEK ODASI KAYIT BELGESİ,DURUM BELGESİ,True
901,SANAYİ ODASI KAYIT BELGESİ,DURUM BELGESİ,True
920,ONAYLANMIŞ KİŞİ STATÜ BELGESİ,DURUM BELGESİ,True
1246,TİCARET SİCİL TASDİKNAMESİ,DURUM BELGESİ,True
1359,GEMİ SİCİL TASDİKNAMESİ,DURUM BELGESİ,True
1385,TONİLATO BELGESİ,DURUM BELGESİ,True
1391,ÖĞRENİM DURUM BELGESİ,DURUM BELGESİ,True
1568,ÖZGEÇMİŞ/CV,DURUM BELGESİ,True
1801,SATIŞ BELGESİ (BİLL OF SALE),DURUM BELGESİ,True
1924,SERMAYE DURUM BELGESİ (TİCARET ODASI),DURUM BELGESİ,True
1948,SERVİS SAĞLAYICISINDAN IP BELGESİ,DURUM BELGESİ,True
1982,SEYİR VE GEMİ İDARESİ KURS BELGESİ,DURUM BELGESİ,True
1999,SGK PRİM BORCU OLMADIĞINA DAİR BELGE,DURUM BELGESİ,True
2003,VARDİYA ZABİTİ YETİŞTİRME EĞİTİMİ BELGESİ A-II/1),DURUM BELGESİ,True
2093,VERGİ BORCU BULUNMADIĞINA DAİR BELGE,DURUM BELGESİ,True
2104,SİGORTA GİRİŞ BELGESİ,DURUM BELGESİ,True
2127,SİGORTALILIK DURUM BELGESİ,DURUM BELGESİ,True
2195,VERGİ NUMARASINI GÖSTERİR BELGE,DURUM BELGESİ,True
2228,YÜK GEMİSİ TEÇHİZAT EMNİYET BELGESİ,DURUM BELGESİ,True
2342,SORUMLU YÖNETİCİ BELGESİ,DURUM BELGESİ,True
2375,STAJ BELGESİ,DURUM BELGESİ,True
2555,İÇ SUYA ELVERİŞLİLİK BELGESİ,DURUM BELGESİ,True
2838,STABİLİTE BUKLETİ,DURUM BELGESİ,True
2936,GEÇİCİ PLAKA DÜZENLEME BELGESİ,DURUM BELGESİ,True
3137,VEKALETNAME,DURUM BELGESİ,True
3171,İMZA SİRKÜLERİ,DURUM BELGESİ,True
3177,İMAR DURUM BELGESİ,DURUM BELGESİ,True
3195,TAPU TAHSİS BELGESİ,DURUM BELGESİ,True
3233,İNGİLİZCE HAZIRLIK SINIFI OKUNDUĞUNU GÖSTERİR BELGE,DURUM BELGESİ,True
3673,BİREYSEL OKUR-YAZARLIK BELGESİ,DURUM BELGESİ,True
3915,ULUSAL YÜKLEME SINIRI BELGESİ,DURUM BELGESİ,True
3966,İŞ MAKİNASI TESCİL BELGESİ,DURUM BELGESİ,True
5821,TÜRKAK AKREDİTASYON BELGESİ,DURUM BELGESİ,True
5920,ATR DOLAŞIM BELGESİ,DURUM BELGESİ,True
8265,GÖRME YETENEĞİ BELGESİ,DURUM BELGESİ,True
8860,FAALİYET BELGESİ,DURUM BELGESİ,True
13466,İSTİHDAM DURUM BELGESİ,DURUM BELGESİ,True
15094,ÜST DÜZEY YÖNETİCİLERİN GEREKLİ ŞARTLARI TAŞIDIĞINA DAİR BELGE,DURUM BELGESİ,True
16100,UBAK İZİN BELGESİ KARAYOLU KARNESİ,DURUM BELGESİ,True
16561,TİP ONAY DOĞRULAMA BELGESİ,DURUM BELGESİ,True
17178,YÜK DEMİRYOLU TREN İŞLETMECİSİ ASGARİ KAPASİTE BELGESİ,DURUM BELGESİ,True
19881,MİRASTAN FERAGAT BELGESİ,DURUM BELGESİ,True
21954,EĞİTİM VE/VEYA SINAV MERKEZİ MÜDÜRÜ İSTİHDAM BELGESİ,DURUM BELGESİ,True
22496,ASKERLİK DURUM BELGESİ,DURUM BELGESİ,True
26445,ÇEK UYGUNLUK BELGESİ,DURUM BELGESİ,True
708,NÜFUS CÜZDANI,KİMLİK BELGESİ/KARTİ,True
194,ARAÇ TESCİL  BELGESİ,TESCİL BELGESİ/FORMU,True
23449,İNŞA HALİNDEKİ GEMİLERE MAHSUS SİCİL YAPI KAYIT BELGESİ,TESCİL BELGESİ/FORMU,True
1289,TS EN ISO 14001:2004 ÇEVRE YÖNETİM SİSTEMİ BELGESİ,KALİTE BELGESİ,True
1644,TURİZM İŞLETMESİ BELGESİ,KALİTE BELGESİ,True
5936,MAKBUZ,MAKBUZ,True
10480,DÖNER SERMAYE MAKBUZU,MAKBUZ,True
17257,YETKİ BELGESİ ÜCRETİNİN YATIRILDIĞINA DAİR MAKBUZ,MAKBUZ,True
1238,TIR KARNESİ,KARNE,True
2084,VERASET İLAMI,İLAM,True
2372,SSK BİLDİRGESİ,BİLDİRGE/BİLDİRİ,True
2969,GEMİ SORU KAĞIDI (YÜK MANİFESTOSU),BİLDİRGE/BİLDİRİ,True
3697,SGK İŞE GİRİŞ BİLDİRGESİ,BİLDİRGE/BİLDİRİ,True
10478,SGK BİLDİRGESİ,BİLDİRGE/BİLDİRİ,True
20132,SİGORTA BİLDİRGESİ,BİLDİRGE/BİLDİRİ,True
2958,GEMİ GELİŞ/GİDİŞ BİLDİRİM FORMU,BİLDİRİM/BİLDİRİM FORMU,True
2983,GEMİ YAPI(TADİLAT/YENİ İNŞA) BİLDİRİSİ,BİLDİRİM/BİLDİRİM FORMU,True
5358,TRANSİT GEMİLER İÇİN GEMİ BİLDİRİMİ,BİLDİRİM/BİLDİRİM FORMU,True
16820,GEMİ/SU ARACI YAPI BİLDİRİSİ,BİLDİRİM/BİLDİRİM FORMU,True
265,ATIK BİLDİRİM FORMU,DİGER FORMLAR,True
763,DILEKÇE,DİGER FORMLAR,True
2175,LİMAN/İSKELE İŞLETİCİ KURULUŞLARIN GÖRÜŞ YAZISI FORMU,DİGER FORMLAR,True
16419,DENİZE ELVERİŞLİLİK BELGESİ,DİGER FORMLAR,True
16777,GEMİ VEYA SU ARACI İNŞA VEYA TADİLAT TAKİP FORMU,DİGER FORMLAR,True
17109,PROJE ÖZET FORMU,DİGER FORMLAR,True
17398,KAMERA İLE SU ALTI SÖRVEYLERİNDE KULLANILACAK CİHAZ KAPSAMI VE TİPLERİ FORMU,DİGER FORMLAR,True
18837,ÖZEL SEKTÖR_STK_BAŞVURU DİLEKÇESİ FORMU,DİGER FORMLAR,True
18946,UDHB UDHAM AR-GE PROJELERİ ÖZGEÇMİŞ FORMU,DİGER FORMLAR,True
19569,ÖTV'SİZ YAKIT KONTROL FORMU (EK-1.3),DİGER FORMLAR,True
22448,MESAJ FORMU,DİGER FORMLAR,True
252,BİRİNCİ SINIF DALGIÇ YETERLİK BELGESİ,YETERLİK/YETERLİLİK BELGESİ,True
447,EĞİTMEN BALIKADAM BELGESİ (TÜRKİYE SUALTI SPORLARI FEDERASYONU),YETERLİK/YETERLİLİK BELGESİ,True
2489,HİZMET YERİ YETERLİLİK BELGESİ,YETERLİK/YETERLİLİK BELGESİ,True
2491,HİZMET YETERLİLİK BELGESİ,YETERLİK/YETERLİLİK BELGESİ,True
2615,MALİ YETERLİLİK BELGESİ,YETERLİK/YETERLİLİK BELGESİ,True
2703,İKİNCİ MAKİNİST YETERLİĞİNE YÜKSELME EĞİTİMİ (A-III/2) BELGESİ,YETERLİK/YETERLİLİK BELGESİ,True
2705,İKİNCİ SINIF DALGIÇ YETERLİK BELGESİ,YETERLİK/YETERLİLİK BELGESİ,True
2934,MESLEKİ TECRÜBEYİ GÖSTERİR BELGE,YETERLİK/YETERLİLİK BELGESİ,True
3651,DİL YETERLİLİK BELGESİ,YETERLİK/YETERLİLİK BELGESİ,True
3782,KISA MESAFE TELSİZ OPERATÖRÜ YETERLİK BELGESİ (SRC),YETERLİK/YETERLİLİK BELGESİ,True
3926,UZAKYOL BAŞMAKİNİST/BAŞMÜHENDİS YÜKSELME EĞİTİMİ (A-III-2) BELGESİ,YETERLİK/YETERLİLİK BELGESİ,True
3928,UZAKYOL BİRİNCİ ZABİTİ YETERLİĞİNE YÜKSELME EĞİTİMİ (A-II/2) BELGESİ,YETERLİK/YETERLİLİK BELGESİ,True
3930,UZAKYOL II. MAKİNİST/MÜHENDİSİ YÜKSELME EĞİTİMİ (A-III/2) BELGESİ,YETERLİK/YETERLİLİK BELGESİ,True
3933,UZAKYOL KAPTAN YETERLİĞİNE YÜKSELME EĞİTİMİ (A-II/2) BELGESİ,YETERLİK/YETERLİLİK BELGESİ,True
3937,UZAKYOL VARDİYA ZABİTİ YETERLİK BELGESİ,YETERLİK/YETERLİLİK BELGESİ,True
16541,SRC5 EĞİTİCİ BELGESİ,YETERLİK/YETERLİLİK BELGESİ,True
16554,ORTA DÜZEY YÖNETİCİLERİN GEREKLİ ŞARTLARI TAŞIDIĞINA DAİR YETERLİLİK BELGESİ,YETERLİK/YETERLİLİK BELGESİ,True
17285,ULTRASONİK MUAYENE BELGESİ,YETERLİK/YETERLİLİK BELGESİ,True
17858,GEMİADAMI CÜZDANI,YETERLİK/YETERLİLİK BELGESİ,True
25160,BALIKADAM GAZ KARIŞIM YETERLİLİK BELGESİ,YETERLİK/YETERLİLİK BELGESİ,True
803,DENİZ ÇEVRESİNİN PETROL VE DİĞER ZARARLI MADDELERLE KİRLENMESİNDE ACİL DURUMLARDA MÜDAHALE YETKİ BELGESİ,YETKİ BELGESİ,True
2421,DENİZ ÇEVRESİNİN PETROL VE DİĞER ZARARLI MADDELERDEN KAYNAKLANAN KİRLİLİĞE HAZIRLIKLI OLMA İLE İLGİLİ EĞİTİM SEMİNERİ VE TATBİKAT PROGRAMI DÜZENLEME YETKİ BELGESİ,YETKİ BELGESİ,True
16481,TARAMA YETKİ BELGESİ,YETKİ BELGESİ,True
16483,DENİZYOLUYLA TEHLİKELİ MADDE TAŞIMACILIĞI EĞİTİMİ YETKİ BELGESİ,YETKİ BELGESİ,True
17611,GEÇİŞ HAKKI KAPSAMINDAKİ İŞLETMECİNİN NOTER TASDİKLİ İMZA SİRKÜLERİ,YETKİ BELGESİ,True
25306,TERMİNAL KULLANIM YETKİ BELGESİ,YETKİ BELGESİ,True
3645,KURULUŞ ORGANİZASYON ŞEMASI,ŞEMA,True
1358,GEMİADAMLARI SINAV BAŞARI BELGESİ,SONUÇ BELGESİ,True
1729,YABANCI DİL SINAVI (YDS) SONUÇ BELGESİ,SONUÇ BELGESİ,True
2033,SINAV SONUÇ BELGESİ,SONUÇ BELGESİ,True
2474,HİZMET BELGESİ,SONUÇ BELGESİ,True
4275,YABANCI DİL SONUÇ BELGESİ,SONUÇ BELGESİ,True
25124,SABIKA KAYDI SONUÇ BELGESİ,SONUÇ BELGESİ,True
145,ADRES BEYANI,BEYAN,True
720,T.C. KİMLİK NUMARASI BEYANI,BEYAN,True
2113,VERGİ KİMLİK NUMARASI BEYANI,BEYAN,True
2194,VERGİ NUMARASI BEYANI,BEYAN,True
2695,İKAMETGAH BEYANI,BEYAN,True
13664,AÇIK KİMLİK  BEYANI,BEYAN,True
17120,KURULUŞUN TİCARET SİCİL GAZETESİNDE YAYIMLANAN TİCARİ UNVAN VE ADRES BEYANI,BEYAN,True
21634,TAPU BİLGİ BEYANI,BEYAN,True
23841,YOLCU TAŞIMACILIĞI ÜCRET TARİFESİ,TARİFE,True
23842,YOLCU TAŞIMACILIĞI ZAMAN TARİFESİ,TARİFE,True
23866,TERMİNAL ÜCRET TARİFESİ,TARİFE,True
444,GÖREVLENDİRME YAZISI,YAZI,True
523,BANKA REHİN YAZISI,YAZI,True
544,BAŞVURU ALINDI YAZISI,YAZI,True
1149,RESMİ YAZI (ÜST YAZI),YAZI,True
1882,BORCU YOKTUR YAZISI ( VERGİ DAİRESİ MÜDÜRLÜKLERİ),YAZI,True
2354,SOSYAL GÜVENLİK PRİMİ BORCU OLMADIĞINA İLİŞKİN BELGE,YAZI,True
2961,GEMİ HAREKET KAYIT JURNALİ,YAZI,True
4471,İMAR PLANI TEKLİF YAZISI,YAZI,True
9276,İPOTEK TERKİN YAZISI,YAZI,True
15703,YÜKLENİCİNİN SGK BORCU YOKTUR YAZISI,YAZI,True
16863,İŞLETMENİN SGK BORCU YOKTUR YAZISI,YAZI,True
18803,AR-GE PROJE BAŞVURU YAZISI,YAZI,True
22055,GEMİ SÖKÜM YETKİ BELGESİ TAAHHÜTNAME YAZISI,YAZI,True
22843,GEÇİCİ TÜRK BAYRAĞI ÇEKME İZİN YAZISI,YAZI,True
23451,GEMİNİN TÜRK BAYRAĞINI ÇEKME HAKKINI KAYBETTİĞİNE DAİR YAZI,YAZI,True
25308,GEMİ KİRALAMA İŞLEMİNİN ÜLKE MEVZUATINA UYGUNLUK YAZISI,YAZI,True
666,KLAS BELGESİ,UYGUNLUK BELGESİ,True
2151,FENER UYGUNLUK BELGESİ(KIYI TESİSLERİ),UYGUNLUK BELGESİ,True
2395,SU ARACI UYGUNLUK BELGESİ,UYGUNLUK BELGESİ,True
2528,ISO 9001:2000  KALİTE YÖNETİM SİSTEMİ BELGESİ,UYGUNLUK BELGESİ,True
2531,ISPS BELGESİ,UYGUNLUK BELGESİ,True
2696,YANGINDAN KORUNMA UYGUNLUK BELGESİ,UYGUNLUK BELGESİ,True
18291,RADYASYON ÖLÇÜM SİSTEMİ UYGUNLUK BELGESİ (TAEK),UYGUNLUK BELGESİ,True
804,DENİZ HİZMET ÇİZELGESİ,ÇİZELGE,True
1991,SGK HİZMET DÖKÜMÜ BELGESİ,ÇİZELGE,True
17606,GEÇİŞ HAKKI KAPSAMINDA KURULACAK ALTYAPIYA İLİŞKİN PROJE,PROJE,True
12177,İŞYERİ AÇMA VE ÇALIŞMA RUHSATI BELGESİ,ONAY BELGESİ,True
1944,PROFORMA FATURA,FATURA,True
5928,FATURA,FATURA,True
11196,NAVLUN FATURASI,FATURA,True
13489,SATIŞ FATURASI,FATURA,True
2774,YATIRIM BİLGİ FORMU,BİLGİ FORMU,True
17108,PROJE BİLGİ FORMU,BİLGİ FORMU,True
20479,LİMAN TESİSİ BİLGİ FORMU,BİLGİ FORMU,True
797,DEFTERDARLIK İRTİFAKHAKKI/KULLANMA İZİN İŞLEMİ GÖRÜŞÜ,GÖRÜŞ YAZISI,True
18807,"MALİ SUÇLARI ARAŞTIRMA KURULU BAŞKANLIĞINDAN (MASAK)  TERÖR ÖRGÜTLERİ İLE İLGİLİ, İLTİSAKLI, İRTİBATLI YA DA İLİŞKİLİ OLMADIĞINA DAİR ALINMIŞ GÖRÜŞ YAZISI",GÖRÜŞ YAZISI,True
2005,SGK PRİM DÖKÜMÜ,BORDRO,True
13973,SOSYAL GÜVENLİK DESTEK PRİM BORDROSU,BORDRO,True
17423,GEMİ DENETİM RAPORU KARARINA İTİRAZ DİLEKÇESİ,DİLEKÇE,True
17446,GEMİLER İÇİN YETKİLENDİRİLMEK ÜZERE YETKİ TALEP BAŞVURU DİLEKÇESİ,DİLEKÇE,True
17448,MUAFİYET KONUSU VE GEREKÇESİNİ İÇERİR BAŞVURU DİLEKÇESİ,DİLEKÇE,True
17564,DEMİRYOLU TAŞIMACILIĞI İLE İLGİLİ ŞİKAYET DİLEKÇESİ,DİLEKÇE,True
17604,GEÇİŞ HAKKI KULLANIM ONAYI BAŞVURU DİLEKÇESİ,DİLEKÇE,True
18796,KILAVUZ VE RÖMORKÖR HİZMET İZİN BAŞVURU DİLEKÇESİ,DİLEKÇE,True
19560,ÖTV'SİZ YAKIT DEFTERİ TALEP DİLEKÇESİ,DİLEKÇE,True
26507,ATANMIŞ KURULUŞ TARAFINDAN HAZIRLANAN ULUSAL KURALLARA GÖRE HAZIRLANMIŞ TEKNİK DOSYA VE DOĞRULAMA BELGESİ,TEKNİK ÇİZİM/RESİM,True
26508,DEĞERLENDİRME KURULUŞU/ONAYLANMIŞ KURULUŞ TARAFINDAN DEMİRYOLU ARACI İÇİN HAZIRLANMIŞ TEKNİK DOSYA VE DOĞRULAMA BELGESİ,TEKNİK ÇİZİM/RESİM,True
18995,UDHB AR-GE PROJESİ DOSYASI CD/DVD/USB BELLEĞİ,BELGE OLMAYANLAR,True
1243,TÜRKİYE TİCARET SİCİLİ GAZETESİ,GAZETE,True
4529,TİCARİ SİCİL GAZETESİ,GAZETE,True
2947,GELİR GİDER TABLOSU,TABLO,True
12504,EKONOMİK YATIRIMLAR İÇİN FİNANSMAN KAYNAKLARI TABLOSU (EK-3),TABLO,True
4446,İMAR PLANINA İLİŞKİN ANALİZ PAFTASI,PAFTA,True
1574,P&I SİGORTA POLİÇESİ,SİGORTA POLİÇESİ,True
2122,SİGORTA POLİÇESİ (MALİ SORUMLULUK SİGORTASI),SİGORTA POLİÇESİ,True
16551,DEMİRYOLU TAŞIMACILIĞI SİGORTA POLİÇESİ,SİGORTA POLİÇESİ,True
16556,SU ARAÇLARI İÇİN TEKNE VE/VEYA ÇEKİ SİGORTA POLİÇESİ,SİGORTA POLİÇESİ,True
16557,GEMİLER İÇİN TEKNE VE MAKİNE SİGORTA POLİÇESİ,SİGORTA POLİÇESİ,True
2546,İCRA MÜDÜRLÜĞÜ SATIŞ MÜZEKKERESİ,MÜZEKKERE,True
17412,NOTER İHBARNAMESİ,İHBARNAME,True
143,ADLİ SİCİL BELGESİ,SİCİL,True
4308,TİCARET ODASI SİCİL KAYDI,SİCİL,True
4309,SANAYİ ODASI SİCİL KAYDI,SİCİL,True
3881,VESİKALIK FOTOĞRAF,FOTOGRAF,True
4256,RENKLİ FOTOĞRAF,FOTOGRAF,True
806,DENİZ TİCARET ODASI SİCİL KAYIT BELGESİ,KAYIT BELGESİ/FORMU,True
899,ESNAF ODASI KAYIT BELGESİ,KAYIT BELGESİ/FORMU,True
902,TİCARET ODASI KAYIT BELGESİ,KAYIT BELGESİ/FORMU,True
3193,TAPU KAYIT BELGESİ,KAYIT BELGESİ/FORMU,True
16648,ULUSLARARASI SEFER YAPAN TÜM YOLCU GEMİLERİ İLE YİNE ULUSLARARASI SEFER YAPAN 500 GRT VE ÜZERİ YÜK GEMİLER İÇİN  SÜREKLİ ÖZET KAYIT BELGESİ,KAYIT BELGESİ/FORMU,True
19751,ZİRAAT ODASI KAYDI,KAYIT BELGESİ/FORMU,True
18237,BONSERVİS,HİZMET BELGESİ,True
14868,ŞİRKET BİLANÇOSU,BİLANÇO,True
14910,İFLAS VEYA KONKORDATO İLAN EDİLMEDİĞİNE DAİR DOKÜMAN,DOKÜMAN,True
15242,TEMSİLE YETKİLİ KILINMIŞ KİŞİ VEYA KİŞİLERE VERİLMİŞ VE ÜÇÜNCÜ KİŞİLERDEN ALINMIŞ VEKALETNAME,DOKÜMAN,True
15628,MİRASÇILIK BELGESİ,DOKÜMAN,True
16501,DEMİRYOLU ARAÇLARI KISITLAMA KODLARI DOKÜMANI,DOKÜMAN,True
16676,BÜRO KULLANIM HAKKI DOKÜMANI,DOKÜMAN,True
17051,ORGANİZASYON ŞEMASINDA TANIMLANAN GÖREVLERDEN SORUMLU PERSONELİN GÖREV TANIMLARI DOKÜMANI,DOKÜMAN,True
17103,DOLU KONTEYNERLERİN BRÜT AĞIRLIKLARININ TESPİTİ İÇİN YÖNTEM-2 YETKİ BELGESİ VERİLMESİ İÇİN UYGULAMA DOKÜMANI,DOKÜMAN,True
17144,YOLCU DEMİRYOLU TREN İŞLETMECİSİ ASGARİ KAPASİTE BELGESİ,DOKÜMAN,True
17445,KURULUŞ ETİK PRENSİPLERİ DOKÜMANI,DOKÜMAN,True
17453,BAĞIMSIZLIK VE TARAFSIZLIĞI KANITLAYAN DOKÜMAN,DOKÜMAN,True
17459,YÖNETİM KURULUNDA BULUNANLARIN TİCARİ BAĞLANTILARININ BULUNMADIĞINI KANITLAR DOKÜMAN,DOKÜMAN,True
17478,500 GROSTONUN ÜZERİNDE EN AZ 100 ADET GEMİDEN MÜTEŞEKKİL VE EN AZ TOPLAM 500 BİN GROSTONLUK BİR FİLOYU KLASI ALTINDA TUTTUĞUNU KANITLAR DOKÜMAN,DOKÜMAN,True
17479,"KLAS SERTİFİKASI DÜZENLEDİKLERİ GEMİLERİN YAPISAL, MEKANİK VE ELEKTRİKSEL GEREKLİLİKLERE UYGUN DİZAYN VE İNŞA EDİLDİKLERİNE İLİŞKİN YAYIMLANMIŞ DOKÜMAN",DOKÜMAN,True
17480,YETKİLENDİRİLDİĞİ FAALİYETLER İLE İLGİLİ KAPSAMLI DENEYİMLERİ KANITLAR DOKÜMAN,DOKÜMAN,True
17482,SÖRVEYÖRLERİN KONTROLÜ VE GELİŞTİRİLMESİ İÇİN OLUŞTURULAN SİSTEME İLİŞKİN KANIT DOKÜMAN,DOKÜMAN,True
17592,DEMİRYOLU ŞEBEKE BİLDİRİMİ DOKÜMANI,DOKÜMAN,True
19543,ONAYLANMIŞ KURULUŞ GÖREVLENDİRİLMESİ SÜRECİ TALEPTE BULUNAN FİRMA PERSONEL DURUMUNU BELİRTEN DÖKÜMAN,DOKÜMAN,True
21979,KALİTE YÖNETİMİ SİSTEMİ DOKÜMANI,DOKÜMAN,True
22046,BAKIMDAN SORUMLU BİRİM ATÖLYE KRİTERLERİ DOKÜMANI,DOKÜMAN,True
25325,"TERSANE, TEKNE İMAL VE ÇEKEK YERİ İÇİN FAALİYET VE KAPASİTE BİLGİLERİNİ İÇEREN DOKÜMAN",DOKÜMAN,True
25355,HACİZ VE İPOTEK KARARININ KALDIRILMASINA DAİR MUVAFAKAT,DOKÜMAN,True
26456,HAK SAHİPLİĞİ BELGESİ,DOKÜMAN,True
26503,İLGİLİ UTP/TSI'LARDA BELİRTİLEN AÇIK NOKTALAR İÇİN GEÇERLİ ULUSAL KURALLAR DOKÜMANI,DOKÜMAN,True
26504,UYGUNLUK DEĞERLENDİRME KURULUŞUNA/KURULUŞLARINA AİT BİLGİLER DOKÜMANI,DOKÜMAN,True
26523,İLGİLİ UTP/TSI'LARDA BELİRTİLEN ÖZEL DURUMLARDA UYGULANABİLİR ÖZEL KURALLAR DOKÜMANI,DOKÜMAN,True
26524,DEMİRYOLU ARACINA AİT BAKIM DOKÜMANI,DOKÜMAN,True
26558,UYGUNLUK DEĞERLENDİRME KURULUŞU TARAFINDAN HAZIRLANAN TEKNİK DOSYA DOKÜMANI,DOKÜMAN,True
1645,TURİZM YATIRIMI BELGESİ,TEŞVİK BELGESİ,True
159,AKSAM TİP ONAY BELGESİ,TİP ONAY BELGESİ,False
202,ARAÇ TİP ONAYI BELGESİ,TİP ONAY BELGESİ,False
252,BİRİNCİ SINIF DALGIÇ YETERLİK BELGESİ,YETERLİK/YETERLİLİK BELGESİ,False
286,DENİZ TİCARETİ GENEL MÜDÜRLÜĞÜ DÜZENLİ HAT İZİN BELGESİ,İZİN,False
507,BALIKÇI BARINAĞI FAALİYET İZİN YAZISI,YAZI,False
526,KIYI TESİSİ GEÇİCİ İŞLETME İZİN BELGESİ,İZİN,False
536,GÜMRÜK DENETİMİNE TABİİ DENİZ ARAÇLARINA MAHSUS İZİN BELGESİ,İZİN,False
780,EMNİYET YÖNETİM BELGESİ (SMC),DURUM BELGESİ,False
803,DENİZ ÇEVRESİNİN PETROL VE DİĞER ZARARLI MADDELERLE KİRLENMESİNDE ACİL DURUMLARDA MÜDAHALE YETKİ BELGESİ,YETKİ BELGESİ,False
1000,DÜZENLİ YOLCU TAŞIMA HATTI GÜZERGAH LİSTESİ,LİSTE,False
1029,TAŞIT BELGESİ,DURUM BELGESİ,False
1035,TAŞIT KARTI,TESCİL BELGESİ/FORMU,False
1149,RESMİ YAZI (ÜST YAZI),YAZI,False
1151,GEMİ ACENTELİĞİ YETKİ BELGESİ,YETKİ BELGESİ,False
1231,KAMERA İLE SUALTI SÖRVEYİ YETKİ BELGESİ,YETKİ BELGESİ,False
1333,ÖTV'SİZ YAKIT ALIM DEFTERİ,DEFTER,False
1359,GEMİ SİCİL TASDİKNAMESİ,DURUM BELGESİ,False
1385,TONİLATO BELGESİ,DURUM BELGESİ,False
1455,TRANSİT LOG SEYİR İZİN BELGESİ,İZİN,False
1563,ÖZEL VE TURİZM AMAÇLI KIYI TESİSLERİNE FAALİYET İZİN YAZISI,YAZI,False
1564,ÖZEL YÜK TAŞIMA İZİN BELGESİ,İZİN,False
1742,SAC KALINLIK ÖLÇÜM YETKİ BELGESİ,YETKİ BELGESİ,False
1809,SATIŞ SÖZLEŞMESİ,SÖZLEŞME/ANLAŞMA/PROTOKOL,False
2064,HAVAYOLUYLA TEHLİKELİ MADDE TAŞIMACILIĞI EĞİTİM YETKİ BELGESİ,YETKİ BELGESİ,False
2143,YOLA ELVERİŞLİLİK MUAYENE YETKİ BELGESİ,DURUM BELGESİ,False
2164,LİMAN ÇIKIŞ BELGESİ,İZİN,False
2191,YÜZER HAVUZ İŞLETME İZİN BELGESİ,İZİN,False
2302,"SOLAS –74, BÖLÜM XI-2 VE ISPS KOD, BÖLÜM-A KAPSAMINDA  LİMANLARA YÖNELİK TANINMIŞ GÜVENLİK KURULUŞU  (RSO) OLARAK YETKİLENDİRİLMESİNE İLİŞKİN YETKİ DEVRİ SÖZLEŞMESİ",SÖZLEŞME/ANLAŞMA/PROTOKOL,False
2393,SU ALTI DALIŞ PLANI,PLAN,False
2395,SU ARACI UYGUNLUK BELGESİ,UYGUNLUK BELGESİ,False
2421,DENİZ ÇEVRESİNİN PETROL VE DİĞER ZARARLI MADDELERDEN KAYNAKLANAN KİRLİLİĞE HAZIRLIKLI OLMA İLE İLGİLİ EĞİTİM SEMİNERİ VE TATBİKAT PROGRAMI DÜZENLEME YETKİ BELGESİ,YETKİ BELGESİ,False
2435,GEMİ BAYRAK ŞAHADETNAMESİ,SERTİFİKA,False
2555,İÇ SUYA ELVERİŞLİLİK BELGESİ,DURUM BELGESİ,False
2574,İDARİ YAPTIRIM KARARI,KARAR,False
2705,İKİNCİ SINIF DALGIÇ YETERLİK BELGESİ,YETERLİK/YETERLİLİK BELGESİ,False
2904,GEÇİCİ BAYRAK ÇEKME BELGESİ,İZİN,False
2961,GEMİ HAREKET KAYIT JURNALİ,YAZI,False
2973,GEMİ SÖKÜM YETKİ BELGESİ,YETKİ BELGESİ,False
2976,GEMİADAMI DONATIMINDA ASGARİ EMNİYET BELGESİ,SERTİFİKA,False
3014,AMATÖR DENİZCİ BELGESİ,YETERLİK/YETERLİLİK BELGESİ,False
3051,ARAÇ MUAYENE İSTASYONU İŞLETME YETKİ BELGESİ,YETKİ BELGESİ,False
3265,"TERSANE, TEKNE İMAL VE ÇEKEK YERLERİNE İŞLETME İZİN BELGESİ",İZİN,False
3301,KARAYOLU DÜZENLEME GENEL MÜDÜRLÜĞÜ MESLEKİ YETERLİLİK BELGESİ,YETERLİK/YETERLİLİK BELGESİ,False
3503,GEMİ SİCİL TERKİN BELGESİ,DURUM BELGESİ,False
3667,GEMİ VEYA SU ARACI İNŞA İZNİ BELGESİ,İZİN,False
3668,GEMİ VEYA SU ARACI TADİLAT İZİN BELGESİ,İZİN,False
3669,GEMİ VEYA SU ARACI İNŞA VEYA TADİLAT DENETİM RAPOR FORMU,DİGER FORMLAR,False
3672,ORDİNO,NAKİL BELGESİ,False
3782,KISA MESAFE TELSİZ OPERATÖRÜ YETERLİK BELGESİ (SRC),YETERLİK/YETERLİLİK BELGESİ,False
3866,ULAŞTIRMA BAKANLARI AVRUPA KONFERANSI (UBAK/CEMT) İZİN BELGESİ,İZİN,False
3915,ULUSAL YÜKLEME SINIRI BELGESİ,DURUM BELGESİ,False
3940,ULUSLARARASI YÜKLEME SINIRI BELGESİ,SERTİFİKA,False
3956,KARAYOLU TAŞIMA İDARİ PARA CEZASI KARAR TUTANAĞI,TUTANAK,False
4088,KÜRESEL DENİZ TEHLİKE VE EMNİYET SİSTEMİ (GMDSS) CİHAZLARINA KIYIDA BAKIM YETKİ BELGESİ,YETKİ BELGESİ,False
12020,DENETİM SONUCU TESPİT TUTANAĞI,TUTANAK,False
12340,DÖNEM DENETİM RAPORU,RAPOR,False
13541,YAPIM İŞLERİ GEÇİCİ VE KESİN KABUL TUTANAĞI,TUTANAK,False
15865,DENETİM SONU GÖZLEM RAPORU,SONUÇ BELGESİ,False
16035,GEÇİŞ HAKKI KULLANIM ONAYI,OLUR/ONAY,False
16188,RADYOAKTİF MADDE GEÇİCİ DEPOLAMA İZNİ BELGESİ,İZİN,False
16209,KARAYOLU DÜZENLEME GENEL MÜDÜRLÜĞÜ TAŞIT KARTI,KİMLİK BELGESİ/KARTİ,False
16210,KARAYOLU DÜZENLEME GENEL MÜDÜRLÜĞÜ YETKİ BELGESİ,YETKİ BELGESİ,False
16211,KARAYOLU DÜZENLEME GENEL MÜDÜRLÜĞÜ TAŞIT BELGESİ,YETKİ BELGESİ,False
16307,TEHLİKELİ MADDE GÖZETİM HİZMETİ UYGUNLUK BELGESİ,UYGUNLUK BELGESİ,False
16308,F VE G TÜRÜ YETKİ BELGELERİ ACENTECİLİK LİSTESİ FORMU,DİGER FORMLAR,False
16316,KIYI TESİSİ TEHLİKELİ MADDE UYGUNLUK BELGESİ,UYGUNLUK BELGESİ,False
16357,DOLU KONTEYNERLERİN BRÜT AĞIRLIKLARININ TESPİTİ İÇİN YETKİ BELGESİ,YETKİ BELGESİ,False
16419,DENİZE ELVERİŞLİLİK BELGESİ,DİGER FORMLAR,False
16474,TEHLİKELİ MADDE KURALLARI (DGR) EĞİTİCİ BELGESİ,YETKİ BELGESİ,False
16479,GAZDAN ARINDIRMA UZMANLIĞI BELGESİ,SERTİFİKA,False
16481,TARAMA YETKİ BELGESİ,YETKİ BELGESİ,False
16483,DENİZYOLUYLA TEHLİKELİ MADDE TAŞIMACILIĞI EĞİTİMİ YETKİ BELGESİ,YETKİ BELGESİ,False
16488,TREN MAKİNİST EHLİYETİ,YETERLİK/YETERLİLİK BELGESİ,False
16498,IMDG (ULUSLARARASI DENİZCİLİK TEHLİKELİ YÜKLER KODU) KOD EĞİTİCİ BELGESİ,KATILIMCI BELGESİ,False
16509,DEMİRYOLUYLA TEHLİKELİ MADDE TAŞIMACILIĞI EĞİTİMİ YETKİ BELGESİ,YETERLİK/YETERLİLİK BELGESİ,False
16525,DEMİRYOLU ARACI TESCİL BELGESİ,TESCİL BELGESİ/FORMU,False
16531,TEHLİKELİ MADDE TAŞIMACILIĞI MESLEKİ YETERLİLİK EĞİTİMİ YETKİ BELGESİ,YETKİ BELGESİ,False
16532,TEHLİKELİ MADDE GÜVENLİK DANIŞMANI EĞİTİMİ YETKİ BELGESİ,YETKİ BELGESİ,False
16539,TEHLİKELİ MADDE GÜVENLİK DANIŞMANI SERTİFİKASI,SERTİFİKA,False
16541,SRC5 EĞİTİCİ BELGESİ,YETERLİK/YETERLİLİK BELGESİ,False
16542,TEHLİKELİ MADDE GÜVENLİK DANIŞMANI EĞİTİCİ BELGESİ,YETERLİK/YETERLİLİK BELGESİ,False
16545,RID EĞİTİCİ BELGESİ,YETERLİK/YETERLİLİK BELGESİ,False
16555,TESİS ORGANİZASYONU VE YERLEŞİM PLANI,PLAN,False
16571,YÜZER HAVUZ BAĞLAMA PLANI,PLAN,False
16623,DEMİRYOLU DÜZENLEME GENEL MÜDÜRLÜĞÜ EMNİYET SERTİFİKASI,SERTİFİKA,False
16640,DEMİRYOLU ORGANİZATÖR YETKİ BELGESİ,YETKİ BELGESİ,False
16650,EMNİYET YETKİLENDİRMESİ SERTİFİKASI,SERTİFİKA,False
16670,TEHLİKELİ MADDE FAALİYET BELGESİ,YETKİ BELGESİ,False
16671,MUAYENE MERKEZİ İŞLETME YETKİ BELGESİ,YETKİ BELGESİ,False
16678,GEMİ YAKITLARINDAN KAYNAKLANAN PETROL KİRLİLİĞİ ZARARININ HUKUKİ SORUMLULUĞU İLE İLGİLİ SİGORTA VEYA DİĞER MALİ TEMİNAT SERTİFİKASI,SERTİFİKA,False
16768,DEMİRYOLU TEHLİKELİ MADDE FAALİYET BELGESİ,YETKİ BELGESİ,False
16777,GEMİ VEYA SU ARACI İNŞA VEYA TADİLAT TAKİP FORMU,DİGER FORMLAR,False
16856,GEMİ SÖRVEY RAPORU,RAPOR,False
16886,T3 YETKİ BELGESİ,YETKİ BELGESİ,False
16887,GEÇİCİ EMNİYET YÖNETİMİ BELGESİ,SERTİFİKA,False
16898,GEÇİCİ UYGUNLUK BELGESİ (INTERİM DOC),SERTİFİKA,False
16915,SÜREKLİ ÖZET KAYIT BELGESİ (CSR),SERTİFİKA,False
16919,OPERASYONEL SINIRLAMA BELGESİ,SERTİFİKA,False
16953,YANGIN SÖNDÜRME SİSTEMLERİ VE ELEMANLARI İÇİN MUAYENE VE TEST SERTİFİKASI DÜZENLEME YETKİ BELGESİ,SERTİFİKA,False
16954,"ŞİŞİRİLEBİLİR CAN SALLARI, ŞİŞİRİLEBİLİR KURTARMA BOTLARI, ŞİŞİRİLEBİLİR CAN YELEKLERİ MUAYENE VE TEST SERTİFİKASI DÜZENLEME YETKİ BELGESİ",YETKİ BELGESİ,False
16955,"CAN KURTARMA FİLİKALARI, KURTARMA BOTU VE HİZMET BOTU MUAYENE VE TEST SERTİFİKASI DÜZENLEME YETKİ BELGESİ",YETKİ BELGESİ,False
16956,CAN KURTARMA ARAÇLARININ İNDİRME VE SERBEST BIRAKMA DÜZENEKLERİ İÇİN MUAYENE VE TEST SERTİFİKASI DÜZENLEME YETKİ BELGESİ,YETKİ BELGESİ,False
16970,SUALTI MALZEME MUAYENE RAPORU,RAPOR,False
16997,DENİZ TİCARETİ GÖZETİM HİZMETLERİ YETKİ BELGESİ,YETKİ BELGESİ,False
17089,OTOMOBİL İLE YURTİÇİ TARİFESİZ YOLCU TAŞIMACILIĞI A1 YETKİ BELGESİ,YETKİ BELGESİ,False
17090,OTOBÜS İLE TARİFELİ OLARAK ULUSLARARASI VE ŞEHİRLERARASI TİCARİ YOLCU TAŞIMACILIĞI B1 YETKİ BELGESİ,YETKİ BELGESİ,False
17091,OTOMOBİLLE ULUSLARARASI TARİFESİZ YOLCU TAŞIMACILIĞI A2 YETKİ BELGESİ,YETKİ BELGESİ,False
17092,TAŞIMACININ KENDİ ESAS İŞTİGAL KONUSU İLE İLGİLİ ULUSLARARASI VE YURTİÇİ YOLCU TAŞIMACILIĞI B3 YETKİ BELGESİ,YETKİ BELGESİ,False
17098,EŞYA TERMİNALİ İŞLETMECİLİĞİ T3 YETKİ BELGESİ,YETKİ BELGESİ,False
17121,İKİLİ İZİN BELGESİ,İZİN,False
17163,DEMİRYOLU KOMİSYONCU YETKİ BELGESİ,YETKİ BELGESİ,False
17169,DEMİRYOLU GAR VEYA İSTASYON İŞLETMECİSİ YETKİ BELGESİ,YETKİ BELGESİ,False
17300,KIYI TESİSİ İŞLETME İZİN BELGESİ,İZİN,False
17329,DEMİRYOLU YOLCU TAŞIMACILIĞI KAMU HİZMETİ YÜKÜMLÜLÜĞÜ HİZMET ALIMI SÖZLEŞMESİ,SÖZLEŞME/ANLAŞMA/PROTOKOL,False
17373,ULUSLARARASI EV EŞYASI (ECMT) İZİN BELGESİ,İZİN,False
17414,SU MOTOSİKLETİ İMALAT YETKİ BELGESİ,YETKİ BELGESİ,False
17426,YETKİ DEVRİ PROTOKOLÜ,PROTOKOL,False
17433,GEMİ SANAYİ VERİTABANI BAŞVURUSU TESPİT RAPORU FORMU,DİGER FORMLAR,False
17725,GEZİ TEKNELERİ VE KİŞİSEL DENİZ TAŞITLARI İÇİN ONAYLANMIŞ KURULUŞ DENETİM FORMU,DİGER FORMLAR,False
17732,"T.C. MİLLÎ EĞİTİM BAKANLIĞI İLE T.C. ULAŞTIRMA, DENİZCİLİK VE HABERLEŞME BAKANLIĞI ARASINDA YAPILAN EĞİTİM İŞ BİRLİĞİ PROTOKOLÜ",PROTOKOL,False
17795,KILAVUZ KAPTAN YETERLİK BELGESİ,YETERLİK/YETERLİLİK BELGESİ,False
17858,GEMİADAMI CÜZDANI,YETERLİK/YETERLİLİK BELGESİ,False
18436,KIDEMLİ KILAVUZ KAPTAN BELGESİ,YETERLİK/YETERLİLİK BELGESİ,False
18771,DENİZ TİCARETİ GÖZETİM HİZMETLERİ İŞLETME YETKİ BELGESİ,YETKİ BELGESİ,False
18777,DEMİRYOLU EĞİTİM VE SINAV MERKEZİ YETKİ BELGESİ,YETKİ BELGESİ,False
18788,YEŞİL LİMAN SERTİFİKASI,SERTİFİKA,False
18791,4925 KARAYOLU TAŞIMA İDARİ PARA CEZASI KARAR TUTANAĞI FORMU,DİGER FORMLAR,False
18902,PETROL KİRLİLİĞİNDEN DOĞAN ZARARIN HUKUKİ SORUMLULUĞU İLE İLGİLİ ULUSLARARASI SÖZLEŞME 1992 SERTİFİKASI (CLC92),SERTİFİKA,False
18936,UDHB AR-GE PROJESİ ÖN DEĞERLENDİRME SONUÇ YAZISI,YAZI,False
18950,UDHB AR-GE PROJESİ DESTEK SÖZLEŞMESİ,SÖZLEŞME/ANLAŞMA/PROTOKOL,False
18951,UDHB AR-GE PROJELERİ PROJE DEĞERLENDİRME SONUÇ YAZISI,YAZI,False
18961,UDHB AR-GE PROJESİ ÖN İNCELEME SONUÇ YAZISI,YAZI,False
19026,BİLGİ EDİNME CEVAP YAZISI,YAZI,False
19035,GEÇİCİ OLARAK TÜRK BAYRAĞINDAN ÇIKAN VE TÜRK BAYRAĞI ÇEKEN GEMİLER İÇİN UYGUNLUK YAZISI,YAZI,False
19187,BAĞLAMA KÜTÜĞÜ RUHSATNAMESİ,RUHSAT,False
19194,YETKİ BELGELİ FİRMA ŞUBE LİSTESİ,DİGER FORMLAR,False
20202,TEHLİKELİ MADDE GÜVENLİK DANIŞMANLIĞI KURULUŞLARININ YETKİ BELGESİ,YETKİ BELGESİ,False
20450,ADR EĞİTİMİ KATILIM SERTİFİKASI,SERTİFİKA,False
20463,DENİZ GÖZETİM YETKİLİSİ EĞİTİM KURULUŞU YETKİ BELGESİ,YETKİ BELGESİ,False
20464,DENİZ GÖZETİM YETKİLİSİ EĞİTİCİ BELGESİ,YETERLİK/YETERLİLİK BELGESİ,False
20489,TEHLİKELİ MADDE TAŞIMACILIĞI YILLIK İSTATİSTİK RAPORU,RAPOR,False
21962,BOĞAZ GEÇİŞ KOMİSYONU RAPORU,RAPOR,False
21968,DDGM EMNİYET FAALİYETLERİ YILLIK RAPORU,RAPOR,False
21975,BAKIMDAN SORUMLU KURULUŞ (ECM) SERTİFİKASI,SERTİFİKA,False
22005,YANGIN TEST LABORATUVARI YETKİ BELGESİ,YETKİ BELGESİ,False
22044,DDGM BAKIMDAN SORUMLU BİRİM SERTİFİKASI,SERTİFİKA,False
22070,FİZİBİLİTE VE MODELLEME RAPORU HAZIRLAYACAK KURULUŞA AİT YETKİ BELGESİ,YETKİ BELGESİ,False
22824,GEMİADAMI DENİZ HİZMET ÇİZELGESİ FORMU,DİGER FORMLAR,False
23449,İNŞA HALİNDEKİ GEMİLERE MAHSUS SİCİL YAPI KAYIT BELGESİ,TESCİL BELGESİ/FORMU,False
23493,BAĞLAMA KÜTÜĞÜ TERKİN BELGESİ,TESCİL BELGESİ/FORMU,False
23779,GEZİ TEKNELERİ VE KİŞİSEL DENİZ TAŞITLARI İÇİN ONAYLANMIŞ KURULUŞLARIN YETKİLENDİRİLME PROTOKOLÜ,PROTOKOL,False
23988,GEMİ ACENTESİ PERSONELİ TANITIM KARTI,TANITIM KARTI,False
25069,BARKODLU ARAÇ MUAYENE RAPORU,RAPOR FORM,False
25158,BALIKADAM BELGESİ,YETERLİK/YETERLİLİK BELGESİ,False
25160,BALIKADAM GAZ KARIŞIM YETERLİLİK BELGESİ,YETERLİK/YETERLİLİK BELGESİ,False
25351,DB1-YOLCU TREN İŞLETMECİSİ YETKİ BELGESİ,YETKİ BELGESİ,False
25352,DE2-YÜK TAŞIMACILIĞI ACENTE YETKİ BELGESİ,YETKİ BELGESİ,False
25353,DE1-YOLCU TAŞIMACILIĞI ACENTE YETKİ BELGESİ,YETKİ BELGESİ,False
25354,DB2-YÜK TRENİ İŞLETMECİSİ YETKİ BELGESİ,YETKİ BELGESİ,False
